Name,Term,ES,NES,NOM p-val,FDR q-val,FWER p-val,Tag %,Gene %,Lead_genes
prerank,Hypertrophic cardiomyopathy,-0.569739089374234,-2.4832212093083337,0.0,0.0,0.0,29/90,18.86%,Actg1;Itgb4;Actb;Lama2;Cacna1s;Tgfb2;Cacng6;Myl2;Sgcb;Actc1;Itga8;Sgca;Myh6;Itgb8;Itga9;Itga7;Prkaa2;Sgcd;Itga11;Myh7;Cacng4;Prkag2;Slc8a1;Itga10;Atp2a1;Cacnb4;Slc8a3;Cacnb1;Cacng2
prerank,Viral myocarditis,-0.6663417694390416,-2.4372722378018725,0.0,0.0,0.0,16/39,14.37%,Actg1;Actb;Eif4g2;Lama2;Cxadr;Fyn;Sgcb;Cd86;Sgca;Abl1;Myh6;Cycs;Ccnd1;Sgcd;Myh7;Rac1
prerank,Amphetamine addiction,-0.5855622082864776,-2.4169267558151386,0.0,0.0,0.0,49/66,32.19%,Calm2;Calml4;Hdac2;Ppp1cc;Slc6a3;Drd1;Ppp1ca;Prkca;Ppp3r2;Ppp3r1;Adcy5;Maob;Fosb;Gria4;Calm1;Ppp3cb;Creb3l2;Prkacb;Th;Gria2;Grin3b;Prkaca;Maoa;Ddc;Pdyn;Grin2d;Creb3;Gria1;Ppp3ca;Camk4;Slc18a2;Camk2d;Camk2g;Arc;Prkcb;Calm3;Ppp1r1b;Camk2b;Gria3;Camk2a;Grin1;Cacna1d;Jun;Calml3;Prkcg;Grin2b;Grin3a;Grin2c;Cacna1c
prerank,Hippo signaling pathway,-0.5065499658927057,-2.387326716285608,0.0,0.0,0.0,58/159,16.60%,Actg1;Ywhah;Ywhaz;Bmp5;Bmp6;Crb2;Actb;Wnt6;Tead2;Wnt2b;Wnt5a;Ajuba;Wnt10b;Pard6g;Pard6a;Tgfb2;Ppp2ca;Tead3;Ppp2r2a;Wnt9a;Ppp1cc;Fzd6;Ywhae;Ctnna3;Wnt2;Tead4;Ppp1ca;Ywhaq;Dvl2;Ppp2cb;Yap1;Bmp7;Pals1;Llgl1;Bmpr1b;Ccnd1;Pard3;Dlg1;Dlg2;Apc;Wnt10a;Gli2;Fzd2;Bmp4;Fzd3;Fzd8;Dchs2;Ywhab;Rassf2;Gdf5;Csnk1e;Fzd4;Wnt16;Bmpr1a;Bmpr2;Ppp2r2b;Sox2;Fzd9
prerank,Dilated cardiomyopathy,-0.5382501937681973,-2.3414271785898535,0.0,0.0,0.0,30/94,18.86%,Actg1;Itgb4;Actb;Lama2;Cacna1s;Tgfb2;Cacng6;Myl2;Sgcb;Actc1;Itga8;Sgca;Myh6;Adcy5;Itgb8;Itga9;Itga7;Sgcd;Itga11;Prkacb;Myh7;Cacng4;Slc8a1;Itga10;Atp2a1;Cacnb4;Slc8a3;Cacnb1;Prkaca;Cacng2
prerank,Axon guidance,-0.4720003611880482,-2.3118734499446325,0.0,0.0,0.0,83/180,23.67%,Cfl1;Rasa1;Sema3d;Efna4;Wnt5a;Myl12b;Sema4c;Kras;Fyn;Ntng2;Pard6g;Cdc42;Pard6a;Ephb4;Ntn1;Pak4;Srgap2;Trpc1;Slit2;Cfl2;Epha8;Sema3f;Gnai1;Met;Efna5;Cxcl12;Arhgef12;Nfatc4;Shh;Abl1;Efnb3;Rock2;Ptpn11;Prkca;Ppp3r2;Efnb2;Ppp3r1;Bmp7;Sema3g;Bmpr1b;Pard3;Pik3r3;Sema3a;Ppp3cb;Sema6a;Fzd3;Boc;Trpc3;Ptk2;Epha2;Rac1;Ephb1;Efna1;Sema3c;Dpysl2;Sema6c;Bmpr2;Src;Efnb1;Unc5b;Unc5d;Dcc;Enah;Pak3;Plxnb1;Ablim3;Epha1;Wnt5b;Plxnb3;Efna2;Ssh3;Ablim2;Smo;Ppp3ca;Nck1;Srgap3;Camk2d;Ntng1;Neo1;Camk2g;Robo2;Ptch1;Sema3b
prerank,Focal adhesion,-0.467536477526069,-2.264469722634195,0.0,0.0006206536204313399,0.001,66/198,18.70%,Actg1;Crk;Flnc;Erbb2;Itgb4;Lama3;Actb;Col4a4;Arhgap5;Lama2;Myl12b;Fyn;Cdc42;Col2a1;Myl2;Col6a6;Flt4;Pak4;Col4a5;Dock1;Col6a5;Fn1;Ppp1cc;Pten;Kdr;Met;Itga8;Col9a1;Col6a3;Rock2;Col6a2;Ppp1ca;Col1a1;Prkca;Lamb3;Thbs3;Ccnd1;Itgb8;Itga9;Lamb2;Itga7;Bad;Pdgfb;Itga11;Pik3r3;Ptk2;Pdgfra;Mapk8;Vegfa;Rac1;Tnxb;Col9a2;Cav2;Col6a1;Mylpf;Itga10;Tln2;Akt3;Col4a3;Src;Akt1;Pak3;Cav1;Braf;Mylk2;Col4a2
prerank,Glutamatergic synapse,-0.49617879352907646,-2.2245637354194607,0.0,0.0005430719178774223,0.001,76/112,32.51%,Slc17a8;Gnb2;Gnaq;Gng10;Trpc1;Gnb5;Gnai1;Prkca;Ppp3r2;Ppp3r1;Adcy5;Grm5;Gnb1;Gria4;Slc1a3;Gng7;Slc1a7;Ppp3cb;Prkacb;Gng12;Gng4;Gng2;Gls;Grik1;Gria2;Grin3b;Pla2g4f;Prkaca;Grin2d;Gria1;Glul;Grk3;Grik2;Gnao1;Ppp3ca;Dlg4;Slc1a2;Gls2;Slc1a1;Plcb3;Dlgap1;Slc1a6;Slc38a3;Prkcb;Homer1;Gnai3;Grm3;Shank2;Grm1;Shank3;Homer2;Adcy8;Gria3;Plcb1;Kcnj3;Grin1;Grm4;Grik4;Gng13;Pld1;Shank1;Gng3;Cacna1d;Slc38a1;Grik3;Grik5;Adcy4;Prkcg;Grm8;Grin2b;Gnai2;Grin3a;Pla2g4a;Grin2c;Cacna1c;Adcy2
prerank,Arrhythmogenic right ventricular cardiomyopathy,-0.5203539095799716,-2.190723742792871,0.0,0.00048273059366881984,0.001,26/77,18.86%,Actg1;Itgb4;Actb;Actn2;Lama2;Cacna1s;Cacng6;Gja1;Sgcb;Ctnna3;Itga8;Sgca;Actn3;Itgb8;Itga9;Itga7;Sgcd;Itga11;Cacng4;Slc8a1;Itga10;Atp2a1;Cacnb4;Slc8a3;Cacnb1;Cacng2
prerank,GABAergic synapse,-0.49342986530750116,-2.170769821807608,0.0,0.0004344575343019379,0.001,65/88,32.51%,Gabarapl1;Gad1;Slc6a12;Gnb2;Cacna1s;Gng10;Gphn;Gnb5;Gnai1;Gabrr2;Gabra6;Slc32a1;Gabra2;Gad2;Prkca;Slc6a13;Adcy5;Gabrg1;Gnb1;Gng7;Prkacb;Gng12;Gng4;Slc6a1;Gng2;Gabrg3;Gls;Gabrb2;Gabra3;Gabrb1;Src;Gabrg2;Plcl1;Gabrb3;Prkaca;Gabbr1;Gabra1;Gabra4;Glul;Gabrr3;Abat;Gnao1;Gls2;Slc38a3;Gabrd;Prkcb;Gnai3;Adcy8;Gabra5;Hap1;Slc6a11;Gng13;Gng3;Cacna1d;Slc12a5;Slc38a1;Nsf;Adcy4;Prkcg;Cacna1b;Gnai2;Kcnj6;Cacna1c;Gabre;Adcy2
prerank,Tight junction,-0.44487604084371885,-2.1244955037572026,0.0,0.000789922789639887,0.002,51/155,18.54%,Actg1;Actr2;Marveld2;Erbb2;Actb;Myl12b;Cldn2;Pard6g;Cdc42;Pard6a;Myl2;Ocln;Ppp2ca;Jam3;Jam2;Ppp2r2a;Arpc1a;Cldn1;Afdn;Cttn;Rock2;Cftr;Ppp2cb;Pals1;Cldn5;Llgl1;Ccnd1;Tjp3;Pard3;Cldn10;Dlg1;Prkaa2;Dlg2;Prkacb;Cldn11;Mapk8;Rac1;Prkag2;Tjp1;Hspa4;Arpc4;Gata4;Ppp2r2b;Cldn23;Magi1;Src;Tjp2;Mpdz;Prkaca;Mpp4;Tuba1a
prerank,Dopaminergic synapse,-0.45587948589954147,-2.1228459993599675,0.0,0.0007240958905032298,0.002,67/126,26.99%,Gnb2;Gnaq;Calm2;Gng10;Ppp2ca;Calml4;Ppp2r2a;Gnb5;Ppp1cc;Slc6a3;Kif5b;Gnai1;Drd1;Ppp1ca;Ppp2cb;Drd2;Prkca;Clock;Adcy5;Maob;Gnb1;Gria4;Gng7;Calm1;Ppp3cb;Creb3l2;Prkacb;Kif5c;Gng12;Mapk8;Th;Gng4;Gng2;Gnal;Ppp2r2b;Akt3;Gria2;Akt1;Prkaca;Maoa;Ddc;Caly;Creb3;Gria1;Ppp2r1a;Ppp2r5c;Gnao1;Ppp3ca;Kif5a;Scn1a;Slc18a2;Ppp2r3a;Camk2d;Camk2g;Ppp2r2c;Ppp2r3c;Plcb3;Prkcb;Calm3;Ppp1r1b;Gnai3;Camk2b;Gria3;Plcb1;Camk2a;Mapk9;Kcnj3
prerank,Bacterial invasion of epithelial cells,-0.4909139275228097,-2.122368049570148,0.0,0.0006683962066183659,0.002,35/75,26.48%,Actg1;Crk;Actr2;Actb;Cdc42;Dock1;Fn1;Arpc1a;Septin6;Met;Ctnna3;Clta;Cttn;Pik3r3;Wasl;Ptk2;Rac1;Cav2;Arpc4;Src;Cav1;Dnm3;Ctnna2;Arhgef26;Wasf1;Cltc;Cltb;Pxn;Shc3;Bcar1;Septin11;Septin9;Arpc2;Dnm1;Actr3
prerank,ECM-receptor interaction,-0.48257234135713756,-2.0976501930307094,0.0,0.0009309804306470098,0.003,28/87,15.12%,Itgb4;Lama3;Col4a4;Lama2;Col2a1;Col6a6;Col4a5;Col6a5;Fn1;Itga8;Col9a1;Col6a3;Col6a2;Col1a1;Lamb3;Thbs3;Itgb8;Itga9;Lamb2;Itga7;Itga11;Hspg2;Sv2c;Frem2;Tnxb;Col9a2;Col6a1;Itga10
prerank,Citrate cycle (TCA cycle),-0.6133416383369336,-2.090659676769852,0.0,0.0008689150686038758,0.003,18/28,19.83%,Idh1;Dld;Suclg2;Pdhb;Suclg1;Pdha1;Idh3g;Idh2;Sdhc;Mdh1;Acly;Mdh2;Aco2;Sdha;Sdhb;Idh3a;Idh3b;Dlst
prerank,Nicotine addiction,-0.5658630495659985,-2.0552538725161082,0.0,0.0019007517125709781,0.007,32/40,32.84%,Slc17a8;Gabrr2;Gabra6;Slc32a1;Gabra2;Gabrg1;Gria4;Gabrg3;Gabrb2;Gabra3;Gabrb1;Gria2;Gabrg2;Grin3b;Gabrb3;Gabra1;Gabra4;Grin2d;Gria1;Gabrr3;Chrna7;Gabrd;Gria3;Gabra5;Grin1;Chrnb2;Grin2b;Cacna1b;Grin3a;Grin2c;Gabre;Chrna6
prerank,Serotonergic synapse,-0.4542552639170376,-2.041990418178339,0.0,0.0025556325547172816,0.01,58/99,32.61%,Gnb2;Gnaq;Kras;Cacna1s;Rapgef3;Gng10;Htr1b;Trpc1;Gnb5;Alox15;Gnai1;Prkca;Adcy5;Htr2c;Maob;Gnb1;Gng7;Prkacb;Gng12;Gng4;Htr6;Gng2;Gabrb2;Htr5a;Gabrb1;Pla2g4f;Gabrb3;Prkaca;Braf;Maoa;Ddc;Htr3a;Htr1a;App;Map2k1;Gnao1;Slc18a2;Plcb3;Htr1f;Kcnd2;Prkcb;Gnai3;Plcb1;Kcnj3;Htr1d;Gng13;Gng3;Cacna1d;Kcnn2;Prkcg;Cacna1b;Gnai2;Araf;Kcnj6;Pla2g4a;Cacna1c;Htr4;Alox12b
prerank,Neuroactive ligand-receptor interaction,-0.3987119633580031,-2.036781810027036,0.0,0.0024136529683440994,0.01,145/322,26.62%,Nr3c1;S1pr1;Ghr;Ednrb;Agtr2;Pth2;Adra2b;C3ar1;Vipr2;Adrb3;Rxfp2;P2rx6;Ltb4r2;Lpar3;Ucn3;Chrnb3;Sctr;Gnrh1;Adora2b;Gcgr;Htr1b;P2ry13;Prss2;Oxt;Chrne;Ptgfr;Lpar1;P2rx5;S1pr5;Edn3;Gabrr2;Gabra6;Pomc;Drd1;Gabra2;Kiss1r;Pth2r;P2rx3;Oxtr;Tshr;Drd2;Lepr;Grm5;Htr2c;Apln;Avp;Pard3;Gabrg1;Penk;Glp2r;Npb;Glp1r;Gria4;Rxfp3;Trhr;Oprk1;Npffr1;Glra2;Ucn2;Ptger1;P2ry4;Htr6;Gabrg3;Npy2r;Lpar4;Chrna9;Lep;Oprd1;Gabrb2;Nmb;Prlhr;Aplnr;Htr5a;Gabra3;Ntsr2;Grik1;Chrm2;Calcr;Glrb;Gabrb1;Gria2;Gabrg2;Cnr1;Grin3b;Tbxa2r;Nts;Gabrb3;Adora2a;Gabbr1;Gabra1;Sst;Adcyap1r1;Gabra4;Rln1;Grid2;Chrm4;Ghsr;Mc4r;Adra1a;Pth1r;Pdyn;Grin2d;Chrna3;Gria1;Htr1a;Grik2;Gal;Npff;Npy5r;Hcrtr1;Gabrr3;Chrna7;Bdkrb1;Npy1r;Grp;Galr1;Gipr;Mchr1;Mc5r;Npbwr1;Crhr1;Glra3;Adora1;Mc2r;Tac1;Grid1;Trh;Grpr;Sstr5;Thra;Htr1f;Crhr2;Gabrd;P2rx7;Ptgdr;Gpr83;Grm3;Ctsg;Adra2c;Grm1;Oprl1;Chrm5;Tacr3;Ednra;Gria3
prerank,Rap1 signaling pathway,-0.41733340381016976,-2.0314700135648156,0.0,0.002972604182065891,0.013,90/205,27.67%,Actg1;Crk;Actb;Efna4;Gnaq;Kras;Pard6g;Cdc42;Calm2;Rapgef3;Fgf7;Pard6a;Lpar3;Flt4;Calml4;Adora2b;Lpar1;Kdr;Gnai1;Met;Afdn;Efna5;Tek;Drd2;Farp2;Prkca;Adcy5;Pfn2;Pfn4;Pard3;Fgf3;Magi2;Pdgfb;Pik3r3;Calm1;Fgf10;Ngfr;Pdgfra;Vegfa;Epha2;Rac1;Rala;Efna1;Lpar4;Magi3;Tln2;Akt3;Magi1;Src;Akt1;Enah;Cnr1;Adora2a;Ngf;Sipa1l1;Braf;Pdgfrb;Prkd1;Efna2;Rapgef4;Fgfr2;Fgf20;Map2k1;Gnao1;Fgf9;Prkci;Fgfr1;Fgf18;Plcb3;Egfr;Bcar1;Vegfb;Prkcb;Calm3;Gnai3;Sipa1l2;Rac3;Fgfr4;Mras;Rapgef2;Dock4;Rapgef5;Adcy8;Plce1;Plcb1;Crkl;Fgf1;Grin1;Rap1gap;Prkcz
prerank,Central carbon metabolism in cancer,-0.48133151610813407,-2.0000119136772594,0.0,0.003475660274415503,0.016,34/66,23.97%,Erbb2;Idh1;Flt3;Kras;Pgam2;Ldhal6b;Sirt3;Pten;Pdhb;Met;Hif1a;Pkm;Slc2a1;Pdha1;Idh2;Ldha;Sco2;Ntrk3;Pik3r3;Ntrk1;Pdgfra;Gls;Ldhb;Akt3;Akt1;Pgam1;Pdgfrb;Fgfr2;Map2k1;Pfkm;Gls2;Slc2a2;Fgfr1;Egfr
prerank,Long-term potentiation,-0.48618950701300656,-1.9976777292094012,0.0,0.003310152642300479,0.016,36/64,27.45%,Gnaq;Kras;Calm2;Rapgef3;Calml4;Ppp1cc;Ppp1ca;Rps6ka2;Prkca;Ppp3r2;Ppp3r1;Grm5;Calm1;Ppp3cb;Prkacb;Gria2;Rps6ka6;Prkaca;Braf;Grin2d;Gria1;Map2k1;Ppp3ca;Camk4;Camk2d;Camk2g;Plcb3;Ppp1r1a;Prkcb;Calm3;Grm1;Adcy8;Camk2b;Plcb1;Camk2a;Grin1
prerank,Proteoglycans in cancer,-0.3994223314334641,-1.9832783166130699,0.0,0.00335717185596952,0.017,63/200,18.67%,Actg1;Flnc;Ddx5;Dcn;Erbb2;Actb;Wnt6;Wnt2b;Wnt5a;Kras;Wnt10b;Cdc42;Tgfb2;Gpc3;Wnt9a;Fn1;Ppp1cc;Kdr;Fzd6;Met;Hif1a;Wnt2;Cttn;Arhgef12;Shh;Rock2;Twist1;Ptpn11;Nudt16l1;Ppp1ca;Col1a1;Prkca;Ihh;Ccnd1;Sdc2;Wnt10a;Pik3r3;Hspg2;Hbegf;Lum;Fzd2;Prkacb;Fzd3;Fzd8;Ptk2;Vegfa;Rac1;Fzd4;Cav2;Erbb3;Wnt16;Eif4b;Esr1;Fzd9;Akt3;Erbb4;Src;Ctsl;Akt1;Prkaca;Cav1;Braf;Fzd10
prerank,Cocaine addiction,-0.5070929089575077,-1.9789006386471777,0.0,0.0035889970224942695,0.018,32/48,32.12%,Slc6a3;Gnai1;Drd1;Drd2;Adcy5;Maob;Fosb;Creb3l2;Prkacb;Th;Bdnf;Gria2;Cdk5r1;Grin3b;Prkaca;Maoa;Ddc;Pdyn;Grin2d;Creb3;Dlg4;Slc18a2;Ppp1r1b;Gnai3;Grm3;Grin1;Rgs9;Jun;Grin2b;Gnai2;Grin3a;Grin2c
prerank,Calcium signaling pathway,-0.411079608436554,-1.9545934010986068,0.0,0.0038015034251419567,0.019,113/233,27.48%,Erbb2;Ednrb;Casq1;Vdac3;Mst1r;Gnaq;Cacna1s;Ryr1;Adrb3;Calm2;Fgf7;P2rx6;Ltb4r2;Hrc;Flt4;Calml4;Adora2b;Ptgfr;P2rx5;Kdr;Met;Cacna1h;Drd1;P2rx3;Oxtr;Prkca;Ppp3r2;Ppp3r1;Gna15;Grm5;Htr2c;Stim2;Plcd4;Fgf3;Pdgfb;Trhr;Ntrk3;Vdac1;Calm1;Vdac2;Fgf10;Ppp3cb;Orai3;Ntrk1;Plcd3;Prkacb;Tnnc2;Ptger1;Pdgfra;Vegfa;Slc8a1;Htr6;Erbb3;Gnal;Atp2a1;Camk1g;Htr5a;Slc8a3;Erbb4;Chrm2;Slc25a5;Tbxa2r;Prkaca;Adora2a;Ngf;Mylk2;Pdgfrb;Adra1a;Slc25a4;Grin2d;Ntrk2;Fgfr2;Pde1b;Atp2b2;Fgf20;Gna11;Chrna7;Plcd1;Bdkrb1;Ppp3ca;Camk4;Fgf9;Camk2d;Camk2g;Fgfr1;Fgf18;Plcb3;Egfr;Trdn;Grpr;Atp2b1;Atp2a2;Vegfb;Phka1;P2rx7;Prkcb;Calm3;Fgfr4;Nos3;Cacna1e;Grm1;Adcy8;Chrm5;Tacr3;Ednra;Plce1;Camk2b;Plcb1;Camk2a;Nos1;Fgf1;Grin1;Atp2b3
prerank,Circadian entrainment,-0.44992748127339416,-1.948265974310495,0.0,0.0038232263018570536,0.02,59/94,32.51%,Gnb2;Gnaq;Ryr1;Calm2;Gng10;Calml4;Gnb5;Gnai1;Cacna1h;Prkca;Adcy5;Gnb1;Gria4;Gucy1a1;Gucy1b1;Gng7;Calm1;Prkacb;Gng12;Gng4;Gng2;Rasd1;Gria2;Prkg1;Prkaca;Adcyap1r1;Grin2d;Gria1;Gnao1;Camk2d;Camk2g;Plcb3;Per3;Prkcb;Calm3;Gnai3;Adcy8;Camk2b;Gria3;Plcb1;Camk2a;Kcnj3;Nos1;Grin1;Gng13;Gng3;Cacna1d;Cacna1i;Adcy4;Calml3;Prkcg;Ryr3;Grin2b;Gnai2;Kcnj6;Gucy1a2;Grin2c;Cacna1c;Adcy2
prerank,Regulation of actin cytoskeleton,-0.39312149472066504,-1.9233230835896522,0.0,0.005347169652946927,0.027,86/212,27.20%,Actg1;Cfl1;Crk;Actr2;Itgb4;Actb;Myl12b;Kras;Cdc42;Brk1;Fgf7;Myl2;Pak4;Cfl2;Dock1;Fn1;Ppp1cc;Lpar1;Arpc1a;Itga8;Cxcl12;Arhgef12;Nckap1;Rock2;Ppp1ca;Pfn2;Itgb8;Pfn4;Itga9;Abi2;Itga7;Fgf3;Pdgfb;Itga11;Apc;Pik3r3;Fgf10;Wasl;Itgad;Gng12;Ptk2;Pdgfra;Rac1;Mylpf;Itga10;Lpar4;Arpc4;Mos;Chrm2;Src;Enah;Pak3;Braf;Mylk2;Pdgfrb;Chrm4;Fgd1;Diaph2;Fgfr2;Arhgef7;Fgf20;Map2k1;Ssh3;Wasf1;Arhgef4;Bdkrb1;Fgf9;Fgfr1;Fgf18;Pip5k1c;Arhgap35;Egfr;Pxn;Gna12;Bcar1;Rac3;Fgfr4;Mras;Arpc2;Actr3;Chrm5;Cyfip2;Pak5;Limk1;Crkl;Fgf1
prerank,Propanoate metabolism,-0.539937791572128,-1.9199550093523106,0.004098360655737705,0.005149126332467411,0.027,15/33,16.47%,Pccb;Ldhal6b;Dld;Suclg2;Acss2;Suclg1;Aldh6a1;Bckdhb;Acss3;Mlycd;Ldha;Bckdha;Echs1;Ldhb;Echdc1
prerank,Morphine addiction,-0.4355536766191496,-1.9035767045547558,0.0,0.0055858825838820585,0.031,56/90,32.51%,Pde7b;Gnb2;Gng10;Gnb5;Gnai1;Gabrr2;Gabra6;Slc32a1;Drd1;Pde10a;Gabra2;Prkca;Pde8b;Adcy5;Gabrg1;Gnb1;Gng7;Pde4c;Prkacb;Gng12;Gng4;Gng2;Gabrg3;Gabrb2;Gabra3;Pde4b;Gabrb1;Gabrg2;Gabrb3;Prkaca;Gabbr1;Gabra1;Gabra4;Grk3;Pde1b;Gabrr3;Gnao1;Adora1;Gabrd;Prkcb;Gnai3;Adcy8;Kcnj3;Gabra5;Gng13;Pde1a;Gng3;Adcy4;Pde2a;Pde3a;Prkcg;Cacna1b;Gnai2;Kcnj6;Gabre;Adcy2
prerank,Oxytocin signaling pathway,-0.4090520769827475,-1.9035239341117713,0.0,0.005393265943058539,0.031,85/149,33.24%,Actg1;Actb;Mapk7;Gnaq;Kras;Cacna1s;Ryr1;Calm2;Cacng6;Calml4;Oxt;Ppp1cc;Gnai1;Nfatc4;Npr1;Rock2;Ppp1ca;Kcnj12;Oxtr;Prkca;Ppp3r2;Ppp3r1;Adcy5;Ccnd1;Prkaa2;Gucy1a1;Gucy1b1;Eef2;Calm1;Ppp3cb;Prkacb;Cacng4;Prkag2;Camk1g;Cacnb4;Src;Pla2g4f;Cacnb1;Prkaca;Mylk2;Cacng2;Map2k1;Gnao1;Ppp3ca;Camk4;Camk2d;Camk2g;Plcb3;Egfr;Prkcb;Calm3;Gnai3;Nos3;Cacna2d1;Adcy8;Camk2b;Plcb1;Camk2a;Rgs2;Kcnj3;Cacng8;Elk1;Ppp1r12b;Cacna1d;Cacna2d2;Jun;Adcy4;Cacna2d3;Calml3;Cacng5;Prkcg;Ryr3;Gnai2;Rcan1;Kcnj6;Gucy1a2;Pla2g4a;Cacna1c;Adcy2;Cdkn1a;Cacng7;Mef2c;Itpr1;Camk1d;Camk1
prerank,Adherens junction,-0.45580630407181894,-1.8958999448233944,0.0,0.005213490411623255,0.031,19/70,14.69%,Actg1;Yes1;Erbb2;Actb;Fyn;Cdc42;Snai1;Met;Afdn;Ctnna3;Nlk;Farp2;Pard3;Nectin1;Ptprm;Nectin3;Wasl;Rac1;Tjp1
prerank,Melanogenesis,-0.42790010834874564,-1.8750360071247638,0.0,0.005746051260122403,0.036,45/96,26.73%,Wnt6;Ednrb;Wnt2b;Wnt5a;Gnaq;Kras;Wnt10b;Calm2;Calml4;Wnt9a;Fzd6;Gnai1;Wnt2;Pomc;Dvl2;Prkca;Adcy5;Wnt10a;Calm1;Fzd2;Creb3l2;Prkacb;Fzd3;Fzd8;Fzd4;Wnt16;Fzd9;Prkaca;Fzd10;Wnt5b;Creb3;Fzd1;Map2k1;Gnao1;Camk2d;Camk2g;Plcb3;Wnt8b;Prkcb;Calm3;Gnai3;Adcy8;Camk2b;Plcb1;Camk2a
prerank,Gap junction,-0.43927188094453873,-1.8679202143688616,0.0,0.005702255137712935,0.036,40/82,27.71%,Tubb6;Mapk7;Gnaq;Kras;Gja1;Lpar1;Tubb2b;Map3k2;Gnai1;Drd1;Drd2;Prkca;Adcy5;Grm5;Htr2c;Pdgfb;Gucy1a1;Gucy1b1;Prkacb;Tubb2a;Gjd2;Pdgfra;Tjp1;Src;Prkg1;Prkaca;Tuba1a;Pdgfrb;Map2k1;Gna11;Tubb4a;Plcb3;Egfr;Prkcb;Gnai3;Grm1;Adcy8;Plcb1;Sos2;Tuba1b
prerank,cGMP-PKG signaling pathway,-0.4027700134420799,-1.8645256175383567,0.0,0.0059244209222991525,0.039,72/161,26.85%,Ednrb;Adra2b;Vdac3;Gnaq;Atp1a4;Cacna1s;Adrb3;Calm2;Cnga1;Calml4;Gtf2i;Ppp1cc;Gnai1;Gtf2ird1;Kcnmb4;Nfatc4;Npr1;Rock2;Myh6;Ppp1ca;Ppp3r2;Ppp3r1;Adcy5;Bad;Gucy1a1;Gucy1b1;Kcnu1;Vdac1;Calm1;Vdac2;Ppp3cb;Creb3l2;Myh7;Slc8a1;Irs2;Mef2a;Atp2a1;Oprd1;Gata4;Atp1b1;Akt3;Slc8a3;Akt1;Prkg1;Slc25a5;Irs1;Mylk2;Adra1a;Slc25a4;Creb3;Atp2b2;Map2k1;Gna11;Ppp3ca;Atp1a1;Atp1a2;Atp1a3;Plcb3;Adora1;Atp2b1;Gna12;Atp2a2;Cngb1;Calm3;Gnai3;Adra2c;Nos3;Nppc;Adcy8;Ednra;Plcb1;Rgs2
prerank,Leukocyte transendothelial migration,-0.41561387704796876,-1.8590323825450923,0.0,0.006005736503585612,0.041,28/110,14.82%,Actg1;Actb;Arhgap5;Myl12b;Cldn2;Cdc42;Rapgef3;Myl2;Ocln;Jam3;Jam2;Cldn1;Gnai1;Afdn;Ctnna3;Vcam1;Cxcl12;Rock2;Ptpn11;Prkca;Cldn5;Cdh5;Cldn10;Pik3r3;Cldn11;Ptk2;Rac1;Mylpf
prerank,Basal cell carcinoma,-0.45265614482151395,-1.8315463423580138,0.0,0.007199581997003542,0.05,23/62,16.60%,Wnt6;Wnt2b;Wnt5a;Wnt10b;Hhip;Wnt9a;Fzd6;Wnt2;Shh;Gli1;Dvl2;Sufu;Apc;Wnt10a;Gli2;Fzd2;Bmp4;Fzd3;Fzd8;Fzd4;Wnt16;Polk;Fzd9
prerank,DNA replication,0.5993860628934448,1.8273284321101442,0.0,0.011539685595627727,0.033,22/35,31.75%,Rfc4;Prim2;Prim1;Rnaseh2a;Rfc5;Rpa2;Pold3;Mcm4;Mcm5;Lig1;Mcm7;Mcm6;Pold2;Pola2;Rnaseh2b;Rpa3;Pole;Mcm3;Pola1;Pole4;Pcna;Rfc1
prerank,Vasopressin-regulated water reabsorption,-0.4783397083561771,-1.8205760817105283,0.0,0.0077236894987011175,0.056,20/42,21.53%,Dctn4;Aqp2;Rab5a;Dync1i2;Dync1li2;Rab11b;Arhgdia;Avp;Dctn5;Creb3l2;Prkacb;Dync2h1;Vamp2;Rab5b;Aqp4;Prkaca;Dynll1;Creb3;Dynll2;Dync1i1
prerank,Pertussis,-0.4357239241306895,-1.8027856993977638,0.0,0.009041413551688977,0.065,11/66,6.91%,Cfl1;C2;C1qa;C1qb;C1qc;Calm2;Calml4;Ticam2;Cfl2;Nod1;Gnai1
prerank,Fatty acid elongation,-0.5210135403560542,-1.7803221150622475,0.0,0.011661754868104647,0.086,12/27,15.85%,Elovl7;Them4;Acot2;Hsd17b12;Acot1;Ppt1;Elovl2;Hacd3;Hadhb;Hacd2;Elovl5;Echs1
prerank,Biosynthesis of unsaturated fatty acids,-0.5502177955122112,-1.7798342546360575,0.0037593984962406013,0.01136273551251222,0.086,12/24,23.87%,Elovl7;Acot2;Hsd17b12;Acot1;Elovl2;Hacd3;Fads2;Hacd2;Elovl5;Elovl4;Acot4;Scp2
prerank,Retrograde endocannabinoid signaling,-0.38524136812893345,-1.7581748853552315,0.0,0.013033726029058137,0.102,86/139,32.52%,Slc17a8;Ndufc1;Gnb2;Gnaq;Cacna1s;Ndufa4l2;Gng10;Gnb5;Gnai1;Gabrr2;Gabra6;Slc32a1;Gabra2;Ndufb10;Ndufa4;Prkca;Adcy5;Ndufa8;Grm5;Ndufb3;Gabrg1;Ndufb5;Gnb1;Gria4;Gng7;Prkacb;Ndufs8;Ndufa2;Abhd6;Gng12;Mapk8;Ndufv2;Ndufa9;Gng4;Gng2;Gabrg3;Gabrb2;Gabra3;Gabrb1;Gria2;Gabrg2;Cnr1;Gabrb3;Prkaca;Gabra1;Gabra4;Ndufa7;Gria1;Ndufb6;Gabrr3;Rims1;Gnao1;Ndufab1;Plcb3;Gabrd;Ndufs1;Prkcb;Ndufb7;Ndufb2;Gnai3;Grm1;Ndufa12;Adcy8;Gria3;Plcb1;Mapk9;Kcnj3;Gabra5;Ndufs6;Gng13;Gng3;Cacna1d;Ndufv3;Ndufs2;Ndufc2;Adcy4;Prkcg;Cacna1b;Gnai2;Ndufa5;Dagla;Kcnj6;Cacna1c;Gabre;Adcy2;Ndufv1
prerank,Cholinergic synapse,-0.3990517302025718,-1.7573198970118526,0.0,0.012821795524520604,0.103,63/111,33.17%,Gnb2;Gnaq;Kras;Cacna1s;Fyn;Gng10;Gnb5;Gnai1;Slc5a7;Kcnj12;Prkca;Adcy5;Slc18a3;Gnb1;Gng7;Pik3r3;Creb3l2;Prkacb;Gng12;Gng4;Gng2;Akt3;Chrm2;Akt1;Prkaca;Chrm4;Kcnq4;Creb3;Chrna3;Map2k1;Gna11;Chrna7;Gnao1;Camk4;Camk2d;Camk2g;Plcb3;Chat;Prkcb;Gnai3;Kcnq2;Adcy8;Chrm5;Camk2b;Plcb1;Camk2a;Kcnq3;Kcnj3;Gng13;Gng3;Cacna1d;Pik3r2;Chrnb2;Adcy4;Prkcg;Kcnq5;Cacna1b;Gnai2;Kcnj6;Cacna1c;Adcy2;Chrna6;Itpr1
prerank,cAMP signaling pathway,-0.3535820549268544,-1.7568287871768082,0.0,0.012516514678698687,0.103,100/211,27.93%,Cnga3;Atp1a4;Vipr2;Cacna1s;Hhip;Calm2;Rapgef3;Cnga1;Calml4;Htr1b;Oxt;Ppp1cc;Edn3;Gnai1;Afdn;Pomc;Drd1;Pde10a;Npr1;Rock2;Gli1;Ppp1ca;Cftr;Oxtr;Tshr;Drd2;Adcy5;Fxyd1;Cnga2;Bad;Glp1r;Gria4;Ppara;Pik3r3;Calm1;Pde4c;Creb3l2;Prkacb;Hcn4;Mapk8;Sox9;Rac1;Htr6;Atp2a1;Atp1b1;Akt3;Pde4b;Bdnf;Chrm2;Gria2;Akt1;Cnga4;Grin3b;Prkaca;Adora2a;Gabbr1;Braf;Sst;Adcyap1r1;Hcn2;Ghsr;Grin2d;Creb3;Gria1;Htr1a;Rapgef4;Atp2b2;Map2k1;Npy1r;Camk4;Camk2d;Gipr;Atp1a1;Atp1a2;Camk2g;Atp1a3;Ptch1;Adora1;Mc2r;Sstr5;Atp2b1;Htr1f;Atp2a2;Cngb1;Calm3;Ppp1r1b;Gnai3;Rac3;Adcy8;Ednra;Plce1;Camk2b;Gria3;Camk2a;Mapk9;Grin1;Atp2b3;Hcar1;Htr1d;Sstr1
prerank,Homologous recombination,0.5505633308106557,1.7443316857423352,0.0013089005235602095,0.02098124653750496,0.112,18/39,27.30%,Mus81;Brca2;Rad51c;Palb2;Nbn;Rpa2;Pold3;Bard1;Rad54b;Pold2;Rad52;Rbbp8;Brip1;Rpa3;Topbp1;Rad51d;Blm;Rad51
prerank,Adrenergic signaling in cardiomyocytes,-0.36871075982351714,-1.7206615064697672,0.0,0.016671044920888313,0.139,64/144,26.73%,Agtr2;Gnaq;Atp1a4;Cacna1s;Calm2;Rapgef3;Cacng6;Myl2;Ppp2ca;Calml4;Ppp2r2a;Ppp1cc;Actc1;Gnai1;Myh6;Ppp1ca;Ppp2cb;Prkca;Scn7a;Adcy5;Calm1;Creb3l2;Prkacb;Myh7;Cacng4;Slc8a1;Atp2a1;Scn4b;Cacnb4;Ppp2r2b;Atp1b1;Akt3;Slc8a3;Scn5a;Akt1;Cacnb1;Prkaca;Cacng2;Adra1a;Creb3;Ppp2r1a;Rapgef4;Ppp2r5c;Atp2b2;Ppp2r3a;Camk2d;Atp1a1;Atp1a2;Camk2g;Ppp2r2c;Ppp2r3c;Atp1a3;Plcb3;Ppp1r1a;Atp2b1;Atp2a2;Calm3;Myl3;Gnai3;Cacna2d1;Adcy8;Camk2b;Plcb1;Camk2a
prerank,Fluid shear stress and atherosclerosis,-0.3752623653699987,-1.7169607668575746,0.0,0.016687118931142615,0.142,39/133,17.57%,Actg1;Gstt1;Sumo3;Sumo1;Actb;Sumo2;Mapk7;Calm2;Calml4;Gsta2;Kdr;Vcam1;Bmpr1b;Cdh5;Hsp90b1;Sdc2;Prkaa2;Pdgfb;Gstm4;Hsp90aa1;Pik3r3;Calm1;Gsta4;Acvr1;Bmp4;Ptk2;Plat;Mapk8;Vegfa;Rac1;Thbd;Cav2;Bmpr1a;Mef2a;Bmpr2;Akt3;Src;Ctsl;Akt1
prerank,One carbon pool by folate,0.6507081511104177,1.7116220007069503,0.001379310344827586,0.023778746075838957,0.18,6/18,6.95%,Tyms;Shmt2;Gart;Atic;Mthfd1l;Mtr
prerank,Arginine and proline metabolism,-0.43956691498234896,-1.6952394512241495,0.004484304932735426,0.01988850045915538,0.173,16/48,18.60%,Amd1;Cndp2;Sms;Aldh1b1;Aldh3a2;Gamt;Gatm;P4ha3;L3hypdh;Maob;Aldh4a1;Agmat;Prodh;Got1l1;Arg1;Maoa
prerank,Aminoacyl-tRNA biosynthesis,0.5230789439149286,1.6820321324759815,0.0025220680958385876,0.0255271832872977,0.244,12/44,5.50%,Pstk;Wars2;Cars1;Mars1;Fars2;Nars2;Farsa;Dars2;Vars1;Sepsecs;Iars1;Yars1
prerank,Thyroid hormone signaling pathway,-0.36716077411241765,-1.6805084688651597,0.0,0.021817324005162533,0.19,52/119,26.63%,Actg1;Notch4;Actb;Kras;Atp1a4;Notch3;Hdac2;Hif1a;Med17;Slc16a2;Myh6;Slc2a1;Prkca;Ccnd1;Plcd4;Bad;Med4;Pik3r3;Rheb;Bmp4;Plcd3;Prkacb;Myh7;Dio2;Slco1c1;Atp2a1;Gata4;Esr1;Atp1b1;Akt3;Src;Akt1;Prkaca;Dio3;Rxrg;Hdac3;Map2k1;Pfkm;Plcd1;Atp1a1;Atp1a2;Atp1a3;Rxra;Plcb3;Thra;Atp2a2;Ncoa1;Prkcb;Sin3a;Plce1;Plcb1;Med16
prerank,Glucagon signaling pathway,-0.375215749552684,-1.6772061615068583,0.0,0.021907752261608356,0.195,42/100,26.73%,Gnaq;Pgam2;Ldhal6b;Calm2;Pygb;Calml4;Gcgr;G6pc3;Pdhb;Pkm;Slc2a1;Pdha1;Ppp3r2;Ppp3r1;Ldha;Prkaa2;Ppara;Calm1;Ppp3cb;Fbp1;Creb3l2;Prkacb;Prkag2;Ldhb;Akt3;Akt1;Prkaca;Gys2;Pgam1;Creb3;Pfkm;Ppp3ca;Camk2d;Ppargc1a;Camk2g;Slc2a2;Plcb3;Phka1;Calm3;Camk2b;Plcb1;Camk2a
prerank,Gastric acid secretion,-0.40473034213047376,-1.6743242004424763,0.0,0.02235646061928722,0.202,33/72,26.73%,Actg1;Kcne2;Actb;Gnaq;Atp1a4;Calm2;Calml4;Gnai1;Cftr;Kcnk2;Prkca;Adcy5;Kcnk10;Calm1;Prkacb;Atp1b1;Prkaca;Mylk2;Sst;Kcnj10;Camk2d;Atp1a1;Atp1a2;Camk2g;Atp1a3;Plcb3;Prkcb;Calm3;Gnai3;Adcy8;Camk2b;Plcb1;Camk2a
prerank,Alzheimer disease,-0.32453782577302104,-1.6725870962688782,0.0,0.02198887112385318,0.203,130/342,22.68%,Tubb6;Wnt6;Wnt2b;Rtn4;Vdac3;Cox7c;Psma2;Xbp1;Ndufc1;Wnt5a;Gnaq;Kras;Cacna1s;Cox7a1;Psmb2;Wnt10b;Atp5pf;Nox4;Calm2;Mme;Psmc1;Ndufa4l2;Atp5pb;Cox5a;Dkk1;Calml4;Atp5f1c;Ncstn;Psma5;Wnt9a;Tubb2b;Fzd6;Kif5b;Csnk1a1;Nrbf2;Wnt2;Aph1a;Ulk2;Ppid;Cox4i1;Dvl2;Ndufb10;Rtn3;Ndufa4;Ppp3r2;Ppp3r1;Ndufa8;Grm5;Cycs;Apoe;Atp5mc3;Cox5b;Ndufb3;Ndufb5;Cox7a2l;Bad;Casp12;Eif2ak3;Apc;Wnt10a;Vdac1;Pik3r3;Calm1;Vdac2;Sdhc;Ppp3cb;Fzd2;Fzd3;Kif5c;Tubb2a;Ndufs8;Fzd8;Ndufa2;Psmb3;Psma3;Mapk8;Sdha;Ndufv2;Ndufa9;Csnk1e;Bace2;Fzd4;Wnt16;Irs2;Psmd2;Atp2a1;Psmd6;Sdhb;Psmb7;Klc1;Fzd9;Akt3;Atp5mc1;Psmc5;Uqcrfs1;Akt1;Psmd12;Cdk5r1;Slc25a5;Psmc3;Klc3;Irs1;Braf;Tuba1a;Gapdh;Fzd10;Ndufa7;Wnt5b;Slc25a4;Grin2d;Psma7;Atp5f1a;Ndufb6;Bace1;App;Fzd1;Map2k1;Cox6a2;Chrna7;Tubb4a;Psen1;Ambra1;Ppp3ca;Psmb6;Sdhd;Kif5a;Atp5mc2;Ndufab1;Adrm1;Uqcrc1
prerank,Cysteine and methionine metabolism,-0.4259896872032853,-1.6720660187487177,0.0,0.021635985208236508,0.204,17/48,17.32%,Amd1;Ahcy;Mat2a;Bhmt;Sms;Kyat3;Enoph1;Ldhal6b;Tat;Ahcyl1;Ldha;Mdh1;Mdh2;Psat1;Sds;Ldhb;Got1l1
prerank,PI3K-Akt signaling pathway,-0.3259966654879588,-1.6690387052981803,0.0,0.021467313459625166,0.207,98/331,17.26%,Ywhah;Ywhaz;Erbb2;Itgb4;Ghr;Lama3;Col4a4;Flt3;Efna4;Gnb2;Lama2;Kras;Osmr;Fgf7;Col2a1;Gng10;Lpar3;Tgfa;Col6a6;Flt4;Them4;Ppp2ca;Col4a5;Myb;Ppp2r2a;Gnb5;Col6a5;G6pc3;Fn1;Pten;Lpar1;Kdr;Ywhae;Met;Efna5;Tek;Itga8;Col9a1;Col6a3;Col6a2;Sgk2;Ywhaq;Col1a1;Ppp2cb;Ereg;Prkca;Lamb3;Thbs3;Ccnd1;Itgb8;Itga9;Nr4a1;Lamb2;Itga7;Hsp90b1;Fgf3;Gnb1;Bad;Magi2;Prkaa2;Pdgfb;Itga11;Gng7;Hsp90aa1;Pik3r3;Fgf10;Rheb;Ngfr;Eif4e1b;Ntrk1;Creb3l2;Ywhab;Csf3;Gng12;Ptk2;Pdgfra;Vegfa;Epha2;Rac1;Tnxb;Col9a2;Efna1;Col6a1;Gng4;Gng2;Erbb3;Itga10;Lpar4;Eif4b;Eif4e2;Ppp2r2b;Akt3;Col4a3;Magi1;Erbb4;Bdnf;Ntf3;Chrm2
prerank,Salmonella infection,-0.33928900187202504,-1.665304906318888,0.0,0.021555777663442303,0.212,71/232,21.71%,Actg1;Tubb6;Actr2;Flnc;Dctn4;Actb;Mlkl;Myl12b;Gcc2;Podxl;Rab5a;Dync1i2;Cdc42;Dync1li2;Brk1;Myl2;Myo6;Dctn3;Kpna3;Arf1;Nod1;Arpc1a;Tubb2b;Kif5b;Nckap1;Rock2;Pik3c2g;Pfn2;Cycs;Pfn4;Hsp90b1;Ly96;Dctn5;Dynlt3;Hsp90aa1;Actr1b;Wasl;Kif5c;Tubb2a;Dynlrb1;Rhob;Fbxo22;Mapk8;Rac1;Rala;Mylpf;Rab7b;Tab1;Vps11;Rilp;Arpc4;Dync2h1;Rab5b;Klc1;Akt3;Vps41;Akt1;Pak3;Klc3;Tuba1a;Gapdh;Dynll1;Exoc5;Ahnak;Dynll2;Arhgef26;Map2k1;Arl8b;Tubb4a;Dync1i1;Wasf3
prerank,Renal cell carcinoma,-0.4001378228403464,-1.6587179256529176,0.005128205128205128,0.022050769193815337,0.221,23/67,18.42%,Crk;Vhl;Kras;Cdc42;Tgfb2;Tgfa;Pak4;Rbx1;Egln2;Met;Hif1a;Ptpn11;Slc2a1;Bad;Pdgfb;Egln1;Pik3r3;Vegfa;Rac1;Akt3;Akt1;Pak3;Braf
prerank,Parkinson disease,-0.33643619944910824,-1.6582232328371045,0.0,0.021722876715096893,0.222,96/223,23.56%,Tubb6;Vdac3;Cox7c;Psma2;Xbp1;Ndufc1;Cox7a1;Psmb2;Atp5pf;Calm2;Psmc1;Ndufa4l2;Atp5pb;Cox5a;Calml4;Atp5f1c;Psma5;Tubb2b;Slc6a3;Kif5b;Gnai1;Drd1;Cox4i1;Ndufb10;Ndufa4;Drd2;Adcy5;Ndufa8;Cycs;Atp5mc3;Cox5b;Ndufb3;Maob;Ndufb5;Cox7a2l;Eif2ak3;Vdac1;Calm1;Vdac2;Sdhc;Park7;Prkacb;Kif5c;Tubb2a;Ndufs8;Ndufa2;Psmb3;Psma3;Gpr37;Mapk8;Sdha;Th;Ndufv2;Ndufa9;Gnal;Psmd2;Psmd6;Sdhb;Uba1;Psmb7;Klc1;Atp5mc1;Psmc5;Uqcrfs1;Psmd12;Slc25a5;Psmc3;Klc3;Prkaca;Adora2a;Tuba1a;Maoa;Ndufa7;Slc25a4;Psma7;Atp5f1a;Ndufb6;Sncaip;Cox6a2;Tubb4a;Psmb6;Sdhd;Kif5a;Hspa5;Slc18a2;Camk2d;Atp5mc2;Ndufab1;Ube2g2;Uchl1;Adrm1;Uqcrc1;Camk2g;Psma6;Cyc1;Trap1
prerank,Notch signaling pathway,-0.3965802350867153,-1.6572973659114307,0.0,0.021485899878204928,0.224,13/59,10.13%,Tle4;Notch4;Atxn1;Notch3;Ncstn;Hdac2;Aph1a;Snw1;Hey2;Dvl2;Heyl;Hes5;Rbpjl
prerank,Cell adhesion molecules,-0.3562801025456834,-1.6572106030342042,0.008771929824561403,0.021102223094665556,0.224,59/118,29.92%,Cldn2;Ntng2;Ocln;Jam3;Jam2;Alcam;Cd86;Cldn1;Cdh4;Vcam1;Itga8;Mpzl1;Cldn5;Itgb8;Cdh5;Itga9;Nectin1;Nrxn3;Mag;Sdc2;Ptprm;Cldn10;Nlgn1;Pvr;Nectin3;Negr1;Mpz;Cadm1;Cldn11;Nectin2;Cldn23;Cntn1;Vtcn1;Nrxn2;Cdh15;Cntn2;Ncam2;Ntng1;Neo1;Sdc3;Cdh2;Cntnap2;Lrrc4b;Cldn9;Lrrc4c;Sdc4;Cntnap1;Igsf11;Ncam1;Nrxn1;Nlgn3;Nrcam;Nlgn2;Cd34;Ptprf;Ctla4;Glg1;Cldn7;Cldn22
prerank,Prion disease,-0.3278317337987141,-1.6565122457788233,0.0,0.02088444989451421,0.225,96/248,22.68%,Tubb6;C1qa;C1qb;Vdac3;Cox7c;Psma2;C8a;Ndufc1;Cacna1s;Cox7a1;Fyn;Psmb2;Ryr1;C1qc;Atp5pf;Psmc1;Ndufa4l2;Atp5pb;Cox5a;Atp5f1c;Psma5;Tubb2b;Kif5b;Hspa2;Sod1;Cox4i1;Ndufb10;Ndufa4;Ppp3r2;Ppp3r1;Ndufa8;Cycs;Atp5mc3;Cox5b;Ndufb3;Ndufb5;Cox7a2l;Bad;Casp12;Eif2ak3;Vdac1;Pik3r3;Vdac2;Sdhc;Ppp3cb;Creb3l2;Prkacb;Kif5c;Tubb2a;Ndufs8;Ndufa2;Psmb3;Psma3;Mapk8;Sdha;Ndufv2;Rac1;Ndufa9;Cav2;Psmd2;Psmd6;Sdhb;Psmb7;Klc1;Prnp;Atp5mc1;Psmc5;Uqcrfs1;Psmd12;Slc25a5;Psmc3;Grin3b;Klc3;Prkaca;Cav1;Tuba1a;Ndufa7;Slc25a4;Grin2d;Psma7;Creb3;Atp5f1a;Hspa8;Ndufb6;Cox6a2;Tubb4a;Ncam2;Ppp3ca;Psmb6;Sdhd;Kif5a;Hspa5;Atp5mc2;Ndufab1;Adrm1;Uqcrc1
prerank,Signaling pathways regulating pluripotency of stem cells,-0.35712479800941255,-1.6554665935486979,0.0,0.02067418611505773,0.227,51/140,21.31%,Bmi1;Wnt6;Lif;Wnt2b;Wnt5a;Kras;Id4;Wnt10b;Id3;Wnt9a;Fzd6;Smad5;Wnt2;Pax6;Dvl2;Bmpr1b;Hoxa1;Apc;Wnt10a;Lifr;Pik3r3;Acvr1;Fzd2;Bmp4;Dlx5;Fzd3;Fzd8;Fzd4;Meis1;Lhx5;Smad9;Wnt16;Bmpr1a;Inhbb;Bmpr2;Klf4;Pcgf2;Sox2;Il6st;Fzd9;Akt3;Pcgf6;Akt1;Fzd10;Zic3;Wnt5b;Fgfr2;Fzd1;Inhba;Map2k1;Smarcad1
prerank,Pyruvate metabolism,-0.4480247690869123,-1.654689955154052,0.009523809523809525,0.020544686791566215,0.229,14/40,13.71%,Aldh1b1;Ldhal6b;Dld;Acss2;Aldh3a2;Acyp1;Pdhb;Pkm;Pdha1;Akr1a1;Ldha;Mdh1;Adh5;Mdh2
prerank,Phagosome,-0.358282879948615,-1.6382194932989675,0.0,0.022736610961801414,0.253,33/113,21.78%,Actg1;Tubb6;Actb;Rab5a;Dync1i2;Dync1li2;Atp6v1c2;Stx18;Tubb2b;Lamp1;Msr1;Thbs3;Atp6v1d;Pla2r1;Tubb2a;Atp6v1a;Colec12;Rac1;Sec22b;Rab7b;Rilp;Atp6v0e2;Dync2h1;Stx12;Rab5b;Ctsl;Tuba1a;Canx;Atp6v1b2;Mrc2;Tubb4a;Dync1i1;Atp6v0c
prerank,Amoebiasis,-0.3735995036215104,-1.621848236586875,0.0,0.025782561871688776,0.282,27/88,18.70%,Lama3;Col4a4;C8a;Lama2;Gnaq;Rab5a;Tgfb2;Serpinb13;Col4a5;Fn1;Col1a1;Prkca;Muc2;Lamb3;Gna15;Lamb2;Pik3r3;Csf2;Prkacb;Ptk2;Rab7b;Gnal;Rab5b;Col4a3;Prkaca;Arg1;Col4a2
prerank,Hedgehog signaling pathway,-0.4098269572965922,-1.6138755892338736,0.0,0.02767914936278475,0.3,15/53,14.48%,Evc;Hhip;Gas1;Csnk1a1;Shh;Gli1;Sufu;Ihh;Ccnd1;Gli2;Smurf1;Prkacb;Boc;Csnk1g2;Csnk1e
prerank,Peroxisome,-0.3758769340114021,-1.6026449723846834,0.0,0.02992929680746683,0.319,26/81,21.23%,Prdx5;Pex7;Idh1;Far1;Pecr;Amacr;Pex11b;Ephx2;Acsl4;Sod1;Eci2;Idh2;Pex1;Mlycd;Pxmp2;Abcd2;Decr2;Pex6;Pex5l;Phyh;Mpv17l;Ddo;Acsl3;Dhrs4;Pex16;Ech1
prerank,Pathogenic Escherichia coli infection,-0.3321074808261967,-1.5980494202124529,0.0,0.03054779538060501,0.329,40/181,16.01%,Actg1;Tubb6;Actr2;Actb;Myo10;Rab1a;Cldn2;Fyn;Cdc42;Brk1;Myo6;Ocln;Myo1b;Arf1;Lpar1;Arpc1a;Cldn1;Tubb2b;Cttn;Sec24b;Arhgef12;Abl1;Nckap1;Rock2;Ptpn11;Ncl;Cldn5;Cycs;Cldn10;Wasl;Tubb2a;Cldn11;Mapk8;Rac1;Tjp1;Abcf2;Tab1;Lpar4;Arpc4;Myo5b
prerank,Vitamin digestion and absorption,-0.49989028900366067,-1.5969184464117427,0.022388059701492536,0.030345187780473813,0.332,10/24,13.72%,Cubn;Tcn2;Slc5a6;Slc19a3;Btd;Mmachc;Lmbrd1;Folh1;Slc46a1;Slc19a2
prerank,Endocytosis,-0.328345605657951,-1.594694782613826,0.0,0.03014871980458902,0.334,102/232,26.59%,Actr2;Vps37a;Ist1;Capza2;Grk1;Smap2;Zfyve16;Stam2;Folr1;Vps35;Pard6g;Rab5a;Cdc42;Chmp2b;Pard6a;Eps15;Chmp6;Chmp2a;Arf4;Arfgap2;Zfyve27;Arf1;Snx6;Wwp1;Arpc1a;Kif5b;Rab11b;Rufy2;Clta;Washc4;Hspa2;Rab10;Chmp1a;Vps36;Pard3;Rab31;Asap2;Epn2;Vps26b;Vps28;Rab22a;Smurf1;Ap2s1;Wasl;Asap3;Psd3;Kif5c;Chmp7;Vps45;Pdgfra;Washc5;Cav2;Vps4b;Acap2;Arpc4;Spg21;Bin1;Rab5b;Spart;Snf8;Src;Rab11fip2;Cav1;Rab4a;Sh3glb2;Psd2;Folr2;Vps4a;Arf3;Agap2;Hspa8;Grk3;Dnm3;Iqsec3;Fgfr2;Vps29;Iqsec2;Cltc;Kif5a;Chmp4c;Prkci;Sh3gl2;Zfyve9;Gbf1;Pip5k1c;Cltb;Egfr;Usp8;Washc1;Sh3gl3;Psd;Rab11fip4;Arf6;Fgfr4;Nedd4;Arpc2;Dnm1;Tgfbr1;Agap3;Actr3;Vps37d;Hspa1l
prerank,Human papillomavirus infection,-0.2949063456564625,-1.5675848309431946,0.0,0.0365722461710885,0.392,78/310,15.34%,Itgb4;Notch4;Lama3;Wnt6;Col4a4;Wnt2b;Mx1;Wnt5a;Lama2;Kras;Wnt10b;Pard6g;Cdc42;Pard6a;Psmc1;Col2a1;Col6a6;Ppp2ca;Atp6v1c2;Notch3;Col4a5;Ppp2r2a;Col6a5;Hdac2;Wnt9a;Fn1;Pten;Fzd6;Csnk1a1;Wnt2;Itga8;Col9a1;Col6a3;Hey2;Pkm;Col6a2;Dvl2;Col1a1;Heyl;Ppp2cb;Lamb3;Pals1;Thbs3;Llgl1;Ccnd1;Hes5;Itgb8;Rbpjl;Pard3;Itga9;Lamb2;Itga7;Bad;Atp6v1d;Dlg1;Itga11;Dlg2;Apc;Wnt10a;Pik3r3;Rheb;Fzd2;Creb3l2;Prkacb;Tubg2;Fzd3;Fzd8;Atp6v1a;Ptk2;Hey1;Vegfa;Tnxb;Col9a2;Fzd4;Col6a1;Wnt16;Itga10;Atp6v0e2
prerank,"Alanine, aspartate and glutamate metabolism",-0.4408011587227458,-1.5671000924574305,0.008888888888888889,0.036162200649249535,0.393,21/36,22.78%,Adss2;Gad1;Rimklb;Gad2;Glud1;Gpt2;Gfpt1;Folh1;Aldh4a1;Asrgl1;Nit2;Gls;Got1l1;Aldh5a1;Ddo;Adss1;Glul;Aspa;Abat;Nat8l;Gls2
prerank,Wnt signaling pathway,-0.3247976598638188,-1.564673396915617,0.0,0.03626775938520525,0.398,73/159,26.92%,Tle4;Lgr4;Wnt6;Wnt2b;Wnt5a;Wnt10b;Lgr5;Sfrp4;Dkk1;Rspo4;Wnt9a;Rbx1;Fzd6;Csnk1a1;Wnt2;Nlk;Nfatc4;Rock2;Dvl2;Prkca;Ppp3r2;Ppp3r1;Ccnd1;Tbl1xr1;Apc;Wnt10a;Cby1;Ppp3cb;Chd8;Fzd2;Sfrp5;Prkacb;Fzd3;Fzd8;Cxxc4;Mapk8;Rac1;Csnk1e;Fzd4;Ctnnbip1;Wnt16;Tle1;Fzd9;Lgr6;Prkaca;Ctnnd2;Fzd10;Rspo2;Rspo3;Wif1;Wnt5b;Ror1;Sfrp1;Fzd1;Psen1;Ppp3ca;Camk2d;Prickle4;Camk2g;Plcb3;Wnt8b;Nkd2;Prkcb;Rac3;Daam2;Notum;Dkk2;Prickle2;Vangl2;Camk2b;Plcb1;Camk2a;Mapk9
prerank,TGF-beta signaling pathway,-0.35868812275596923,-1.564628890055533,0.0,0.03574964853684517,0.398,27/93,16.07%,Dcn;Bmp5;Bmp6;Fst;Zfyve16;Id4;Id3;Tgfb2;Ppp2ca;Rbx1;Smad5;Nog;Ppp2cb;Bmp7;Bmpr1b;E2f5;Smurf1;Tgif2;Acvr1;Bmp4;Gdf5;Nbl1;Smad9;Bmpr1a;Inhbb;Bmpr2;Grem2
prerank,Synaptic vesicle cycle,-0.36344826916552914,-1.5531430558685737,0.0,0.038428074865016475,0.421,40/76,26.31%,Slc17a8;Slc6a12;Stx3;Atp6v1c2;Slc6a3;Slc6a5;Clta;Slc32a1;Slc6a13;Slc18a3;Atp6v1d;Unc13c;Slc1a3;Slc1a7;Ap2s1;Atp6v1a;Slc6a1;Atp6v0e2;Vamp2;Cplx1;Snap25;Atp6v1b2;Dnm3;Rab3a;Rims1;Atp6v0c;Cltc;Slc18a2;Cplx2;Syt1;Slc1a2;Slc1a1;Atp6v1e1;Stxbp1;Cltb;Slc1a6;Stx1b;Atp6v1c1;Atp6v1g2;Dnm1
prerank,Pathways of neurodegeneration,-0.29376377064121284,-1.5412524509117083,0.0,0.040851076489223884,0.444,177/446,25.19%,Tubb6;Dctn4;Gpx8;Gabarapl1;Wnt6;Wnt2b;Vdac3;Wdr41;Cox7c;Psma2;Xbp1;Rab1a;Ndufc1;Wnt5a;Gnaq;Kras;Cacna1s;Cox7a1;Tardbp;Psmb2;Wnt10b;Ryr1;Atxn1;Rab5a;Atp5pf;Nox4;Calm2;Chmp2b;Psmc1;Ndufa4l2;Atp5pb;Cox5a;Dctn3;Dkk1;Calml4;Atp5f1c;Psma5;Wnt9a;Tubb2b;Fzd6;Slc6a3;Kif5b;Csnk1a1;Nrbf2;Wnt2;Ulk2;Ppid;Sod1;Cox4i1;Dvl2;Ndufb10;Ndufa4;Prkca;Ppp3r2;Ppp3r1;Ndufa8;Grm5;Cycs;Dnal4;Atp5mc3;Cox5b;Ndufb3;Smcr8;Ndufb5;Cox7a2l;Bad;Casp12;Eif2ak3;Gria4;Dctn5;Apc;Wnt10a;Vdac1;Calm1;Vdac2;Sdhc;Ppp3cb;Actr1b;Park7;Fzd2;Fzd3;Kif5c;Tubb2a;Ndufs8;Fzd8;Ndufa2;Psmb3;Psma3;Trpc3;Gpr37;Mapk8;Sdha;Ndufv2;Vapb;Rac1;Ndufa9;Csnk1e;Fzd4;Wnt16;Psmd2;Atp2a1;Psmd6;Dnai1;Sdhb;Rab39b;Uba1;Psmb7;Klc1;Fzd9;Bdnf;Prnp;Gria2;Atp5mc1;Psmc5;Uqcrfs1;Psmd12;Cdk5r1;Slc25a5;Psmc3;Klc3;Braf;Tuba1a;Fzd10;Ndufa7;Gpx2;Wnt5b;Slc25a4;Pdyn;Grin2d;Psma7;Gria1;Atp5f1a;Ndufb6;Sncaip;App;Fzd1;Map2k1;Cox6a2;Chrna7;Tubb4a;Psen1;Ambra1;Ppp3ca;Psmb6;Dlg4;Sdhd;Kif5a;Hspa5;Camk2d;Atxn2l;Atp5mc2;Ndufab1;Ube2g2;Uchl1;Adrm1;Uqcrc1;Camk2g;Psma6;Cyc1;Plcb3;Trap1;Vcp;Atp2a2;Spg11;Wnt8b;Dctn1;Ndufs1;Prkcb;Ndufb7;Dnah1;Pik3c3;Nefl;Psmb4;Calm3;Cox6a1;Ndufb2;Dnal1
prerank,Primary bile acid biosynthesis,-0.5267032955502406,-1.538709222340375,0.043478260869565216,0.0408866200089632,0.449,6/16,24.91%,Amacr;Slc27a5;Cyp27a1;Cyp7b1;Scp2;Cyp46a1
prerank,Circadian rhythm,-0.44909367573175396,-1.5376548168551174,0.03225806451612903,0.040803781937817134,0.451,7/29,14.48%,Rorc;Cry1;Rbx1;Clock;Prkaa2;Prkag2;Csnk1e
prerank,Fc gamma R-mediated phagocytosis,-0.34767741659612733,-1.5268515529571733,0.007407407407407408,0.043156115073992495,0.472,21/90,18.00%,Cfl1;Crk;Actr2;Myo10;Marcks;Cdc42;Cfl2;Dock1;Marcksl1;Arpc1a;Prkca;Plpp3;Asap2;Pik3r3;Asap3;Rac1;Arpc4;Bin1;Akt3;Akt1;Pla2g4f
prerank,Renin secretion,-0.37402497171805904,-1.5193897444549074,0.017241379310344827,0.04470339366106782,0.489,16/63,13.28%,Gnaq;Cacna1s;Adrb3;Calm2;Calml4;Edn3;Gnai1;Npr1;Ppp3r2;Ppp3r1;Adcy5;Gucy1a1;Gucy1b1;Calm1;Ppp3cb;Prkacb
prerank,RNA transport,-0.31435982739951546,-1.509333695353822,0.0,0.04733894432199038,0.518,45/154,16.03%,Sumo3;Tgs1;Sumo1;Eif4g2;Sumo2;Ranbp2;Magoh;Pop4;Nxt2;Eif4a2;Pop1;Tardbp;Gemin8;Fmr1;Eif1b;Rpp25l;Rpp40;Rpp14;Pabpc4l;Aaas;Eif3g;Rbm8a;Ncbp2;Eef1a1;Pop5;Sap18;Eif5b;Thoc6;Ube2i;Rnps1;Nup58;Casc3;Thoc1;Eif4e1b;Pabpc5;Eif2b5;Nxf2;Snupn;Pop7;Eif3h;Eif4b;Rpp25;Ncbp1;Phax;Eif4e2
